"sample","batch01_C05","batch01_S07","batch01_C10","batch01_S01","batch01_C03","batch01_S05","batch01_C07","batch01_S06","batch01_C08","batch01_C06","batch01_S02","batch01_S09","batch01_S04","batch01_C04","batch01_S10","batch01_C09","batch02_C05","batch02_S03","batch02_S07","batch02_C01","batch02_C10","batch02_S01","batch02_C03","batch02_S05","batch02_C07","batch02_S06","batch02_C08","batch02_C06","batch02_S02","batch02_S09","batch02_C02","batch02_S04","batch02_S08","batch02_C04","batch02_S10","batch02_C09","batch03_C05","batch03_S03","batch03_S07","batch03_C01","batch03_C10","batch03_S01","batch03_C03","batch03_S05","batch03_C07","batch03_S06","batch03_C08","batch03_C06","batch03_S02","batch03_S09","batch03_C02","batch03_S04","batch03_S08","batch03_C04","batch03_S10","batch03_C09","batch04_C05","batch04_S03","batch04_S07","batch04_C01","batch04_S01","batch04_S05","batch04_C07","batch04_S06","batch04_C08","batch04_C06","batch04_S02","batch04_S09","batch04_C02","batch04_S08","batch04_C04","batch04_S10","batch05_S03","batch05_S07","batch05_C01","batch05_C10","batch05_S01","batch05_C03","batch05_C07","batch05_C06","batch05_C02","batch05_S04","batch05_S08","batch05_C04","batch06_S03","batch06_C10","batch06_S01","batch06_C03","batch06_S05","batch06_C07","batch06_S06","batch06_C08","batch06_C06","batch06_S02","batch06_C02","batch06_S04","batch06_S08","batch06_C04","batch06_C09","batch07_C05","batch07_S03","batch07_S07","batch07_C01","batch07_C10","batch07_C03","batch07_S05","batch07_C07","batch07_S06","batch07_C08","batch07_S02","batch07_S09","batch07_C02","batch07_S04","batch07_S08","batch07_S10","batch07_C09","batch08_C05","batch08_S03","batch08_S07","batch08_C01","batch08_C10","batch08_S01","batch08_C03","batch08_S05","batch08_C07","batch08_S06","batch08_C08","batch08_S02","batch08_S09","batch08_S04","batch08_S08","batch08_C04","batch08_S10","batch08_C09"
"class","1","2","1","2","1","2","1","2","1","1","2","2","2","1","2","1","1","2","2","1","1","2","1","2","1","2","1","1","2","2","1","2","2","1","2","1","1","2","2","1","1","2","1","2","1","2","1","1","2","2","1","2","2","1","2","1","1","2","2","1","2","2","1","2","1","1","2","2","1","2","1","2","2","2","1","1","2","1","1","1","1","2","2","1","2","1","2","1","2","1","2","1","1","2","1","2","2","1","1","1","2","2","1","1","1","2","1","2","1","2","2","1","2","2","2","1","1","2","2","1","1","2","1","2","1","2","1","2","2","2","2","1","2","1"
"78.02055"," 479.5214"," 609.3368","1065.0862"," 625.5383","1098.4682"," 460.7661","1113.5280"," 533.4068"," 704.4618"," 965.6036"," 416.9283"," 475.4271"," 693.1000"," 894.8060"," 619.3812"," 625.4530"," 477.1562"," 717.7838"," 509.4480","5254.9710","1137.3361"," 946.3539","1531.3392"," 756.5027","1445.2315","1328.1143"," 752.4383","1114.4528"," 518.9421"," 864.0205"," 874.4814"," 831.4008"," 284.1689","1012.3368"," 880.6904"," 788.1502"," 432.0650"," 946.6369"," 732.3347","3145.2146","1230.2087"," 520.4605","1288.2396"," 781.2794","1213.0826","1039.5867"," 847.5312"," 967.0188"," 356.4518"," 492.3784","1469.7601"," 588.4339"," 508.3522"," 691.2178"," 592.7753"," 895.4399"," 556.3591"," 603.3945","1134.6670","2141.6565"," 674.5357"," 678.3093","1094.0365"," 889.6921"," 299.7572","1051.9221"," 990.7611"," 599.4108","1734.9469"," 370.0864","1150.5590","1044.4179","1001.9472"," 657.7888","3867.9716","1470.6124","1272.8778","3031.2429","2447.7672","2409.9562","2421.0785","1184.6496"," 495.1548","1728.6511","1293.1215","1625.3559","1934.0036","2048.6004","1163.4950","1228.0039","1130.1139","1182.5526"," 863.5157","1026.7595","1408.0388"," 938.0413"," 261.7608","1132.0094","1415.1649"," 654.0407"," 995.9533"," 744.5308","2386.1042","2071.9147","1719.5957"," 832.7858","1794.4813"," 796.0061","1836.5225"," 800.9868"," 514.5129","1210.6913"," 791.5385"," 868.8579"," 113.1599","1193.1259"," 193.3880"," 735.8192"," 761.7383","2170.7333","1750.0589"," 491.4870","1205.5475"," 697.9185","1620.5045"," 793.1075","1076.5816"," 829.0264"," 552.3072"," 880.5503"," 835.7889","1336.6559"," 400.4703","1113.8445"
"452.00345"," 779.4751","1685.9923","1361.4477","1130.4670","1827.3737"," 707.9175","1033.2651","1296.5152","1631.9340","1136.1782"," 859.6531","1272.4978","1777.8395","1474.4851","1289.8939"," 813.2882","1030.9798","1093.5266","1946.1601","1559.5715","1033.8455","1282.7565","1859.7801"," 977.6798"," 716.4742"," 883.9482","1580.1538","1160.8043","1177.5911","1429.4848","1776.1251","1882.0765","1569.0543","1296.0265","1189.3780"," 817.1075"," 908.8678","1704.6498","1651.5905","1830.4196","1309.4449","1202.9981","1901.7842","1159.0989","1101.4622","1117.7447","1753.6266","2017.9226","1336.6005","1275.8485","1841.1698","1807.1023","1643.5361","1119.3672","1175.1085","1082.8403"," 835.1196"," 721.4224","2037.0325","1521.6856","1087.0620"," 857.8797","1315.6594"," 646.3426","1093.9525","1147.8963"," 798.4346","1540.4658","2781.4735","1607.3976","1579.4811"," 959.9934","1664.2201","3041.9674","2477.3442","1626.7186","1261.9022","2215.9419","1916.9429","2258.9207","2327.7223","1407.0709","2078.2387","1580.5822","1088.3890"," 959.5671","1719.0063","3068.7110","1256.2631","1263.9745","1362.3982","1960.0926","1163.9598","1273.8401","1708.0640","1485.7840"," 962.0976","2755.3243","1283.4393"," 972.0879","1429.4305","1774.4274","1707.6692"," 800.7587","1471.9669"," 942.8109"," 878.4251","1071.7019","1198.3898"," 848.2755"," 928.1871","1712.7035","1127.5914","1265.3747","1224.6769"," 672.0815"," 763.6889"," 657.4853","1471.6148","1595.2419"," 932.6006"," 855.0010","1199.6964"," 837.3623"," 751.4690"," 712.1685","1327.9617"," 943.4879","1039.6557","1344.7552","1142.4028"," 992.3506","1125.2593"," 733.3353"
"138.96337"," 953.4937"," 756.0097"," 841.7761"," 852.9118","1060.6345","1302.1807","1196.3742","1282.9651","1085.7646"," 957.6303","1019.5482","1006.1957"," 903.0439","1036.1283"," 808.0741","1249.6879","1001.5227","1044.1304"," 835.9350","1049.5071"," 871.0707"," 893.2485","1181.7246"," 884.4560"," 954.0933"," 947.9651","1126.0407","1244.1862","1395.0134","1120.3687","1225.0372"," 767.1167"," 907.3390","1120.4706","1060.8461","1225.1408","1241.7412","1109.1542"," 755.5976","1124.2719"," 844.2218"," 759.9832"," 988.8004"," 930.5197","1506.2719","1003.4496","1544.8502","1214.7234","1226.8163","1397.6748","1678.8755","1211.8060"," 965.3711","1092.5476","1085.9691","1515.3588","1370.5714","1089.2976"," 900.4284","1155.3118"," 917.3380"," 967.5376","1207.8850","1041.6504"," 951.4131","1158.4011","1107.7194"," 947.3421","1153.9938"," 976.1556","1144.2904"," 569.5765"," 705.9314"," 663.1680"," 881.2592"," 782.7035"," 691.9442","1004.8877","1188.0186"," 901.2519"," 753.7843","1025.7581"," 852.2703","1188.5223","1036.7052"," 881.6119"," 829.1085"," 971.5817","1064.2580"," 924.4058"," 854.6820"," 965.0044","1023.6206"," 884.7137"," 866.3983","1111.2756"," 645.1414","1064.3563","1284.7705","1090.6440"," 921.2513"," 801.7504"," 612.3466"," 461.5054"," 987.8842"," 850.0762","1057.4824","1090.6896","1196.5994"," 986.5283"," 842.9840","1121.7195"," 997.6325"," 863.5258"," 882.2661","1096.4123"," 924.6043"," 797.1578"," 838.4186"," 566.1810"," 521.5357"," 604.5054"," 915.9865"," 960.2558","1014.5161"," 741.6994","1060.1808"," 991.9732","1063.8491","1020.6553","1347.9081","1435.5063","1012.0178","1355.8134"
"73.53838"," 560.4701","1235.4923","1116.6290","1483.6125"," 872.5970","1088.4259"," 696.8876"," 822.6809"," 600.3326"," 438.7862"," 800.0795"," 686.2162","1139.7360","1047.9544"," 874.5596"," 619.2416"," 643.3820","1143.8784","1483.1374"," 951.4268","1354.2609","1350.2104","1021.9125","1207.3310"," 963.5891","1139.1645"," 643.4967"," 521.6394"," 971.9793"," 726.9449"," 514.6957","1114.5721"," 865.4847"," 821.4776"," 916.0325"," 624.5628"," 587.6348"," 934.9041","1361.2448"," 910.2737","1886.9930","1343.9815"," 886.5663","1012.0022"," 725.8529"," 771.1535"," 576.0661"," 437.3514","1015.5302"," 806.3629"," 571.6613","1062.5489"," 751.2226"," 883.6926"," 823.9158"," 633.6797"," 625.3853"," 889.2224","1173.0853","1161.4629","1298.5716","1364.4636"," 694.2699","1107.5525"," 884.9000"," 482.4740","1346.8795"," 716.8140"," 565.0032"," 795.9982"," 848.2094","1299.5195","1014.8369","1684.5170"," 917.2224","1250.0261","1420.7812"," 965.1344","1005.5958"," 667.8571"," 523.4827","1442.2204","1062.0910","1146.4315"," 856.2316"," 899.7737","1645.9066","1407.1888","1502.7101"," 862.9021","1437.3259"," 704.7672"," 340.6424"," 687.5844"," 446.8425","1554.9338"," 292.3472","1472.4920"," 768.1168","1272.0842"," 998.3435","1446.1066"," 993.2732","2065.2285"," 964.7626","1058.9094"," 671.4715"," 817.9147"," 671.8606","1293.6522"," 891.2983"," 556.4159","1117.4127","1209.7745","1099.0539"," 859.1111"," 887.6807","1163.8512","1592.3434","1005.5446","1313.2375","1268.8987"," 992.5087","1047.5948"," 909.5877"," 897.8523"," 694.5489","1239.9898"," 962.4975","1598.1011","1067.8699","1060.0255","1134.0421"," 688.6712"
"385.12885","1367.4228"," 806.3645","1078.2911"," 840.7816"," 907.4935"," 853.0502","1152.1532"," 987.9779","1117.6643","1092.3682"," 799.8097"," 912.1061"," 795.6882"," 728.7092"," 746.6431","1697.6543","1316.3389"," 729.9508","1100.3150","1371.4399","1140.7733"," 897.1895","1011.5677"," 739.8524","1112.5174"," 875.4859"," 980.3396","1008.1770"," 646.9255"," 977.4602"," 833.0180"," 888.8286"," 970.9049"," 890.5590"," 817.9686","1658.2493","1400.4327"," 775.9312"," 883.4710","1321.8070","1106.4640"," 966.0731"," 965.7099"," 800.1113","1164.2328"," 872.8726","1092.8883","1102.4310"," 790.3408"," 978.1090"," 944.3195"," 772.1427"," 740.7582"," 942.4197"," 678.0262","1542.1326","1441.5690"," 856.1560"," 872.8580","1515.7798"," 739.3288"," 807.2069","1105.5818"," 725.7740","1376.3850","1059.2859"," 819.0070"," 918.5639"," 896.0194"," 803.9792"," 835.8861"," 935.6697"," 631.9405"," 736.1007","1066.2114"," 855.6643"," 853.0388"," 725.9634"," 884.7649"," 863.4833"," 918.0295"," 743.8924"," 848.3505"," 630.9599"," 710.3251","1058.5214"," 674.3745"," 844.2789"," 542.8152"," 929.9090"," 859.5099"," 865.3502"," 924.0584"," 623.2332"," 689.7959"," 646.6714"," 552.7796"," 670.1251","1552.3463","1369.5827"," 794.2975"," 860.9290","1396.2895","1283.3954","1012.0648"," 862.1295","1192.9331"," 913.0731","1217.2771"," 774.0389","1174.9228"," 881.3458"," 690.6496"," 712.5825"," 856.2819","1337.0421","1251.3696"," 837.0609"," 887.3895","1225.4162"," 958.2083"," 854.3253"," 940.8387"," 706.5792","1054.9364"," 793.5653"," 904.2621"," 719.8615"," 951.7866"," 792.7641"," 758.7775"," 859.7140"," 750.8029","1313.1810"
"237.02815"," 916.7038"," 618.8005"," 966.1883","1030.1383"," 985.1188"," 856.4181"," 848.8752","1729.5632","1634.1011"," 790.7160","1003.8939","1208.6486"," 797.4933","1240.0147"," 843.8770","1021.0458"," 932.4378","1064.7484"," 643.2367"," 841.8969","1023.9919"," 684.6151"," 508.9464"," 464.6586"," 465.2002"," 742.2839"," 942.1164"," 532.9719"," 648.3016","1293.8774"," 790.2654"," 794.8189","1229.7123","1055.5762","1015.9620","1466.8140","1030.7447"," 895.1056"," 801.5155"," 698.9340"," 929.7930"," 676.3244"," 700.7008"," 651.7374","1121.8042","1033.8255","2012.8824"," 791.7232"," 846.9959","1106.5651","1229.9654"," 893.2286"," 950.3098"," 685.2925","1059.5786","1064.5543"," 814.4942"," 917.4004"," 813.6949"," 782.0538"," 616.6634"," 653.5371"," 598.3907"," 757.1566","1242.8369"," 595.8986"," 860.9596"," 929.4544"," 685.8927"," 898.3618"," 819.9492"," 600.1692"," 753.3471"," 968.4825"," 851.8313","1316.5658"," 945.2290"," 675.0235"," 999.4912"," 572.6307"," 764.2638","1797.9164"," 623.6265","1024.8338","1671.9764","1178.5503"," 638.8469"," 450.8885"," 745.5011"," 627.4557","1457.1777"," 923.2648"," 883.1455"," 769.5509","1227.0631"," 889.4784"," 752.7152"," 613.5752","1196.9539","1120.6736"," 613.5607"," 924.1085"," 629.4961","2912.2157","1029.9708"," 636.3313"," 805.6782","1116.5079","2482.3328"," 770.2352","1348.3674"," 699.3982"," 654.3818"," 893.7755","1430.6708","1284.5426"," 928.2471","1900.5245","1201.3007","1115.5966"," 747.3293","1030.9085"," 982.4045","1178.8694"," 920.3285","1072.5367"," 872.1868"," 779.8657","1235.7574"," 788.1053","1071.3707"," 857.8146","1738.8600"," 783.3864"
"222.02744"," 935.7313"," 599.7387","1068.3312"," 662.8820"," 892.4964"," 674.6949","1031.5637","1118.1601","1297.9677"," 950.8438"," 837.4530"," 828.7088"," 613.3651","1054.9209"," 751.2807"," 626.8241","1052.8388"," 666.1049"," 843.4079","1365.7480","1341.2016"," 680.9858"," 877.1033"," 614.0387","1234.2239","1065.9550","1484.5559"," 808.6402"," 867.3424","1180.0623","1134.8860"," 695.9516","1105.8787","1042.5155"," 834.0363"," 761.5584"," 991.7678"," 724.4596"," 672.3578","1250.9727","1381.1811"," 651.1801"," 937.3025"," 708.2660","1015.6930"," 793.6368","1414.4350","1013.5238"," 977.0991","1557.2913","1213.6959"," 596.1182"," 947.8512","1061.9081","1082.4292"," 831.4837"," 876.1492"," 644.9437"," 665.8347","1263.5122"," 652.5387"," 724.4364","1082.5185","1016.3921","1436.5805"," 901.4984"," 949.2335","1306.6221"," 929.7264"," 816.4318"," 969.3943","1012.2315"," 605.8915"," 736.9884","1199.0428","1168.7583"," 626.8572"," 997.7883","1245.9127"," 858.1643"," 958.8078"," 676.2833"," 971.0930"," 947.6978"," 699.6861","1186.2889"," 647.8846"," 767.5516"," 666.1956"," 870.5046"," 917.8280","1213.8229"," 573.3075"," 662.9015"," 903.9458"," 597.6947"," 473.7273"," 825.0424"," 560.4738","1600.0923"," 952.4907"," 933.1829","1734.4039","1882.0192","1110.9125"," 732.2524","1026.4100","1015.2697","1510.2593"," 968.1981","1214.9982","1356.3976"," 779.6192","1161.2284"," 874.6475"," 895.3175","1115.1148"," 614.5698"," 889.3699","1551.7422","1513.7702"," 718.5604","1040.4649"," 734.5346","1226.5633","1011.2066","1255.5129"," 958.9692","1241.5583"," 820.9619","1026.6469","1067.7670"," 980.9484"," 720.2490"
"399.33298","4917.238","3236.027","3225.732","4347.943","3179.483","4131.662","3214.818","3673.413","3273.344","4118.919","5274.033","4007.926","5066.031","3739.548","4871.360","3560.364","5199.787","4033.799","4895.153","2936.903","3453.826","3684.355","3383.020","3803.035","3049.235","3189.931","3679.575","3560.411","4515.666","4723.977","3553.803","3643.299","4885.963","3754.783","5451.491","4073.419","4448.777","4047.239","3458.187","2621.504","3181.055","4258.212","2941.219","5750.347","2974.268","2813.477","2601.257","3524.718","4581.380","4603.171","3998.230","3779.628","3609.951","4081.761","5342.038","3756.892","4137.739","3993.423","4060.776","2767.355","3571.105","3889.404","3393.796","3381.306","5846.563","3816.173","4317.144","3074.599","3535.080","3582.076","3481.384","4948.830","3360.860","2630.822","1853.284","2237.980","2901.290","1901.917","1894.091","2681.874","2643.836","2263.817","2926.305","3317.410","2234.792","2047.047","2696.891","2018.751","2210.245","1819.926","1632.843","1643.280","1814.783","2976.245","1990.516","2635.849","2416.889","2247.843","1878.863","3031.122","2335.766","2909.433","2094.854","1803.328","1664.014","2599.937","1435.279","2011.353","1915.502","2968.835","3290.735","2145.942","2644.772","3227.828","3669.572","3101.892","3164.470","2972.164","2722.729","1751.178","3181.026","2979.483","1850.217","2821.722","1637.932","2879.105","2114.943","3279.216","3133.598","3369.508","3182.228","3058.931","4139.958","2827.502"
"394.23541"," 410.1421"," 768.0951"," 630.6188"," 660.2701"," 741.2584"," 263.8027"," 521.8128","1180.3800"," 990.6559"," 596.9352"," 735.1985"," 768.8514"," 471.1908"," 691.4950"," 658.0320"," 619.5737"," 392.8911"," 545.4671"," 899.8804"," 774.0477"," 554.9055"," 760.0700"," 633.3049"," 411.0830"," 479.3654"," 977.8545"," 941.8026"," 698.1005"," 475.9106"," 696.4463"," 288.2620"," 622.6685"," 751.7206"," 537.3139"," 766.9438"," 771.0278"," 432.5156"," 495.7497"," 714.7319"," 772.1860"," 505.3556"," 666.9647"," 830.6385"," 457.7647"," 836.4686"," 785.5627"," 690.2692"," 439.0051"," 478.3535"," 669.0551"," 271.0136"," 381.3798"," 929.4396"," 443.7315"," 668.9366"," 561.6174"," 327.7054"," 520.7403"," 806.5337"," 653.5210"," 500.9966"," 579.5424"," 459.3023"," 808.4837","1035.1615"," 490.6887"," 612.2691"," 750.0647"," 363.1194"," 740.5243"," 484.5320","1107.9056"," 578.0860"," 746.1572"," 623.6665"," 658.4796"," 520.9427"," 713.3656"," 304.0702"," 338.5695"," 466.8155"," 340.4287"," 539.4378"," 446.5427"," 283.4945"," 349.7227"," 297.2300"," 578.5618"," 270.9248"," 415.9468"," 737.7756"," 394.9729"," 460.4666"," 442.0509"," 219.3079"," 292.5354"," 433.2879"," 392.0072"," 302.0817"," 304.3292"," 407.2129"," 638.5030"," 657.0090"," 468.3696"," 666.1884"," 624.8918"," 603.3026"," 747.5553"," 656.1037"," 520.9895"," 687.3858"," 346.1025"," 366.0972"," 599.4513"," 810.5222"," 452.0035"," 518.0433"," 967.7150"," 711.5307"," 593.3843"," 748.2318"," 690.7450"," 545.1837"," 608.8354"," 606.6173"," 944.4392"," 591.3883"," 685.1599"," 793.6162"," 431.7661"," 471.0295"," 371.8776"," 659.9693"," 704.0242"
"428.03716"," 899.8706"," 870.5500","1079.9927"," 838.6407","1188.7927","1013.3235","1348.3071"," 788.2353","1083.1277","1236.0680","1006.9554"," 736.4294"," 968.2387","1072.2973"," 806.4539","1041.6897"," 972.4580","1047.1659","1203.3033","1195.3480","1142.7315"," 831.2359"," 973.4343"," 733.9021","1292.3465"," 488.6284","1038.8832","1325.7130"," 949.0989","1220.7715","1277.9810"," 976.0860","1003.1587","1077.8812"," 976.3892"," 909.8852"," 982.4923"," 980.6244","1017.8833","1260.8655","1351.7976"," 956.7424","1453.2021"," 859.5958","1329.0718"," 944.4191","1512.6805","1379.4515","1192.1711"," 895.8845","1645.0214","1103.0761"," 809.4705","1371.0951"," 800.2796"," 965.4077"," 746.1987","1005.8680"," 879.8517","1157.2621"," 770.7979"," 883.7808","1803.5519"," 362.7979","1130.8517","1343.7028","1107.3537"," 928.8873","1259.2900"," 737.8083"," 713.3743"," 836.4925"," 924.7948"," 985.5251"," 951.8720"," 901.8264"," 573.9805"," 437.9835","1892.9627","1056.2845","1165.9359"," 953.8156","1072.6365"," 750.5018"," 962.2052"," 817.6535"," 891.2798","1018.9493"," 976.1924","1135.2443"," 782.0970"," 985.1855"," 587.5586"," 550.6595"," 632.8388"," 974.2534"," 132.0761"," 752.6241"," 731.6030","1574.1115"," 981.5743","1035.8282","1064.5877","1211.7832","1266.4875"," 677.4243"," 765.0064"," 716.7585"," 650.5159"," 684.0303"," 703.2853","1301.0067"," 864.0769"," 752.8898"," 585.3794"," 873.0565"," 587.8346"," 795.0214","1061.1460","1107.1944"," 899.7567"," 817.3639","1035.2037"," 706.4869","1023.7066"," 645.6671","1006.6460"," 889.8763","1031.3649"," 921.9139"," 786.5707"," 880.3828"," 702.0051"," 909.7359"
"207.01423"," 828.0349","1191.4642","1858.5271"," 720.1263"," 983.0062"," 809.9393","1144.4844"," 606.7274"," 928.0657"," 670.1378","1128.8279"," 710.9221","1212.7307","1325.7814"," 841.8004"," 841.3779"," 824.7582"," 721.4036"," 831.8209","1386.2149","1578.8624"," 798.3806"," 953.4988"," 692.3162","1121.9734"," 556.8291"," 775.7228"," 669.4964","1031.1532"," 539.1338"," 621.9704","1243.9261"," 727.4878","1375.8565"," 834.3712"," 871.1766"," 835.1425"," 913.4987","1100.2211","1676.7136","1616.3245"," 750.8007","1030.7938"," 674.7749","1066.6301"," 778.6842","1014.8385"," 695.4144","1016.6603"," 529.7701"," 655.1453","1093.5223"," 831.9753","1439.2333"," 731.5272"," 787.2071"," 874.3809"," 766.8900","1043.1706","1394.7628"," 782.7713"," 656.9854","1081.0303"," 546.1900"," 763.1247"," 696.2831"," 989.3360"," 697.3538"," 804.4177"," 865.7986","1573.2110"," 745.5169"," 895.9831","1035.2429","1778.8917","1934.7289"," 831.8985","1143.9634","1104.7495"," 702.4940"," 872.5281","1207.3613"," 843.9588","1284.9146"," 908.7646","1997.3418"," 714.1300","1131.9668"," 795.6863","1228.4135"," 728.2106","1122.9181"," 937.0931","1366.1381"," 917.4107","1219.1937"," 980.7631","1406.6402","1085.6623"," 746.6587"," 825.8318","1037.1431","1272.5124","1456.0647","1159.7494"," 773.3727","1342.3345"," 684.3071"," 967.4629"," 963.5244"," 612.6982"," 769.7976","1168.7681"," 687.5199"," 757.2355"," 778.3265"," 816.4436"," 711.5901","1010.2823","1706.8698","1370.2926"," 741.7548","1073.7901"," 744.8717","1105.9198"," 671.1979"," 940.7557"," 990.9714"," 596.7458","1071.1052"," 733.9551","1580.1513"," 727.4440"," 961.8271"
"210.06077","1450.3327"," 802.0450","1042.9307"," 974.4292","1146.3388","1558.8494","1504.9724"," 664.3507","1601.6076","1466.2490","1523.4074","1247.3104"," 995.1207","1120.6540","1003.6505","1116.4136","2228.3627","1492.6460","1236.7343"," 859.2211"," 848.1268","1035.3350"," 698.5363","1200.9583","1128.9425","1224.5422"," 997.4888","1494.9515","1126.4388","1378.8550","1242.9257"," 877.8412","1094.5040"," 662.3278","1223.9405","1397.2849","2267.4731","1659.9619","1567.9826"," 615.3471","1142.0991"," 927.1042"," 914.2771","1077.6119","1047.4174"," 622.5550","1481.9805","1031.5476"," 933.5460","1005.9394","1309.5746"," 841.6607","1138.5305"," 432.0475"," 966.1727"," 632.3006","1981.4078","1050.5214","1035.4244"," 549.8070","1032.3760"," 634.0863","1112.2821"," 907.6643","1388.8434","1128.6735","1209.7217","1224.0891"," 695.0959","1025.5016"," 631.8341","1193.5157"," 861.8374"," 757.9453"," 600.6723"," 637.8212"," 947.2372"," 909.7048"," 842.1027","1074.7474"," 640.0249","1416.1767"," 981.7353"," 403.5358"," 857.2760","1100.4645"," 742.3603","1037.7400"," 666.9709"," 922.4064","1053.6405","1054.5081"," 742.5831","1311.3477"," 605.0932","1102.8360"," 621.8808","1143.3612","1054.6344","2382.4518"," 855.4010","1023.3418"," 913.8342"," 904.3243"," 772.0344","1347.4711"," 714.2182"," 924.0634","1059.4638","1076.9418"," 941.5474","1032.4133"," 983.6059"," 950.3747","1026.1721","1346.4034","1890.8581","1430.8830"," 856.9916","1011.9821","1016.0323","1088.4977","1194.1581","1541.8870"," 896.8627","1060.1880"," 668.9955"," 988.1661"," 874.4694"," 858.8782"," 633.5233"," 965.9651"," 986.2429","1207.0261"
"397.06669"," 534.5632"," 963.3825"," 875.0283","1155.2504","1010.7124","1024.6221"," 398.8002","1441.0366","1176.4988"," 669.1900"," 915.1169","1886.0957","1096.8637","1090.5195","1021.7250"," 399.4261"," 450.3482","1375.1253","1200.2878"," 746.9809"," 781.7703"," 990.4476"," 645.6883"," 672.8398"," 199.3460"," 856.9993"," 768.1562"," 618.0453"," 730.2448","1553.9785"," 724.6877"," 992.3274","1599.3611","1278.3764","1368.4054"," 815.8536"," 458.9751","1150.2238","1177.8048"," 601.3621"," 827.3471"," 931.2129"," 880.0527","1015.4943"," 734.8872","1533.1642","1249.5775"," 784.9894","1078.4694","1584.9726","1266.1360","1153.6930","1261.7610"," 846.6201","1144.5641"," 614.5590"," 483.8799"," 936.7911","1322.4756"," 764.8899"," 423.4947"," 785.8715"," 419.8012"," 856.0926","1635.8842"," 641.8030","1122.2643","1319.6227"," 879.2594","1207.4116","1032.3196"," 821.3388","1005.5544","1539.0224"," 724.3035","1160.2363","1156.1956"," 804.4698"," 694.2855"," 407.6065","1007.3082","1694.2411","1023.5529","1245.7830","2238.3924","1065.3996"," 842.4566"," 655.3948"," 964.2172","1007.4003","1583.0575"," 821.8934"," 786.5442"," 966.1314","1482.1371","1125.5984","1008.7000"," 870.6927"," 734.5910"," 559.7329"," 819.8748","1181.9672"," 573.0831","2353.5252","1094.8837","1117.4263"," 377.8259","1335.1341","1547.1034","1192.0321","2215.1932"," 951.2515"," 925.9069"," 928.4362","1685.6250"," 529.4408"," 523.7114","1705.9628","1417.1309"," 839.5062"," 417.3031","1048.0171","1047.9648","1168.2775"," 302.2045","1135.0631"," 855.5013"," 721.1024","1368.2282"," 964.3660","1242.1453"," 926.5542","1170.6647"," 471.8437"
"315.03262","1445.8492","1536.5083","1124.0674","1312.2339"," 327.9946","1574.3305"," 418.5904"," 870.0227"," 886.4941"," 789.8941","1095.1177","1098.9722","1063.7831"," 308.8686","1560.3414"," 749.3174","1035.5946","1433.2868","1077.3993"," 963.9067"," 780.5886","1312.1899"," 294.2793","1476.2701"," 313.5068","1150.9739"," 806.3529"," 790.7483","1129.5091"," 748.9505"," 365.5148","1146.6057","1406.0841"," 322.0983","1306.1857"," 818.4622","1152.3978","1296.7872","1322.7632","1048.2486"," 894.9789","1264.9800"," 448.9216","1525.9719"," 552.7944","1298.0005"," 725.9607"," 819.6574","1076.0507","1235.3329"," 645.9709"," 954.8986","1274.4496"," 350.3451"," 759.2048"," 667.8239","1248.3436","1271.0743","1283.2539"," 899.1910","1468.4640","1328.2256"," 706.1688","1278.9572","1237.5896","1062.5802","1444.6163","1181.4154"," 724.4689","1371.4111"," 474.9456","1246.4742","1138.8087","1690.9905"," 276.7880"," 924.3165","1345.6963"," 490.2771"," 682.1948"," 939.8344"," 513.4443","1029.8869","1332.5724"," 288.9940","1341.2579"," 801.8241","1615.5965"," 493.0372","1843.3550"," 504.8703","1299.6204","1044.5499"," 769.2137"," 933.8829"," 557.7707"," 915.8561"," 987.8386"," 420.4424"," 837.4144","1640.8465","1546.1337","1162.3595"," 168.0127"," 748.0110"," 392.9121","1270.0151"," 476.3955"," 965.3649"," 603.0256","1279.6587","1276.8349"," 596.1890","1080.5237","1342.3500","1338.5091"," 785.5247","1171.0407","1432.3275","1269.4415"," 248.4479"," 944.4462","1336.2855"," 397.4458","1433.6308"," 528.6252"," 811.9215"," 783.5860","1317.0742","1044.1667"," 922.3492","1378.9391"," 332.8330"," 993.1957"," 862.6376"
"174.08419","1373.3756"," 741.8716"," 616.5662","1407.1526","1010.0724"," 908.3829"," 896.9061","1103.6353"," 763.5564"," 928.4543"," 831.4442"," 960.5802"," 996.4000"," 728.1741"," 942.4482"," 718.4198","1388.1021"," 941.9106"," 975.0716","1055.9068"," 502.8647","1233.4442","1015.8646"," 951.9536","1005.4878","1205.1357"," 761.6110","1053.1558"," 760.8296","1315.3764"," 973.2590","1124.8513"," 833.0087"," 732.9877"," 860.4499","1026.4410","1320.2465"," 940.3564","1034.0091","1031.3280"," 652.6438","1373.6841","1065.9392"," 894.2327"," 936.9212","1153.1596"," 944.8228"," 995.1603"," 933.1532"," 990.9845"," 837.1126"," 954.9579"," 687.1955"," 871.5632"," 880.6678"," 751.7686","1352.7427"," 995.2614"," 816.6682","1111.3935","1407.9543","1051.4176"," 934.1658","1093.8525"," 758.8847"," 873.8507"," 846.6493"," 978.7514"," 849.7070"," 860.5928"," 951.5143","1224.2900","1140.2035","1025.8686","1062.2494"," 630.1823","1480.4220"," 950.4011","1143.1004","1079.1958"," 754.6744","1074.7599"," 844.6040"," 751.9394","1028.6395"," 657.9835","1636.3548","1308.6411","1236.6867","1130.3600","1302.0852"," 808.7621","1052.2710"," 909.2381"," 740.5732","1170.3479"," 876.2986"," 734.1129"," 763.2960","1617.4445","1274.1523"," 875.4177","1225.5556"," 729.2639","1071.3250"," 866.2665"," 918.4208","1244.6169"," 705.7382"," 844.1552","1030.9621"," 847.6085"," 973.9320"," 745.7500","1047.9666"," 808.7905","1260.8018","1084.5823"," 891.1433","1094.8497"," 606.4620","1498.9162","1046.0136"," 812.7748"," 860.6601","1117.0816"," 783.9549"," 860.7260","1130.2681","1077.5157"," 740.0998"," 785.3531","1092.9969"," 924.0436"
"438.14243"," 441.1445","1141.0093"," 872.0337"," 762.2530"," 842.0459"," 877.5534"," 407.0113"," 557.3380"," 298.3571"," 480.0314"," 824.1582"," 813.9523","1128.6449"," 990.4829"," 831.4449"," 465.2635"," 409.4600"," 959.0247","1148.7370"," 773.3213"," 708.5945"," 773.8978"," 798.5216"," 793.5117"," 756.5098"," 686.6582"," 502.8837"," 566.0578"," 983.9430"," 960.7585"," 528.8553","1075.9588"," 785.8340"," 856.4125"," 809.2448"," 460.0724"," 381.9921"," 860.8535"," 990.6794"," 676.6607"," 856.4006"," 790.8410"," 848.3279"," 756.3488"," 482.0709"," 596.1515"," 567.0986"," 605.3239"," 897.4940"," 802.9173"," 585.5031"," 987.5939"," 787.2550"," 906.4609"," 663.4420"," 515.2585"," 427.6306"," 916.3513","1045.0155"," 622.4799"," 826.0352"," 773.4002"," 347.1895"," 683.4245"," 530.4354"," 417.2155"," 884.6179"," 922.3595"," 622.4922"," 847.8089"," 959.7674"," 851.3829"," 988.6256","1370.9129"," 875.6342"," 994.2797","1097.9726","1135.1050"," 992.8667"," 506.7167"," 590.4502","1385.7450","1014.9475","1087.1549","1103.8149","1135.1025"," 801.9826","1030.9006","1044.0233"," 745.5561"," 972.4171"," 636.3230"," 529.7934","1075.6527"," 621.8166","1508.5515","1212.3485","1116.1393"," 325.8725"," 439.8830","1147.6257","1314.3692"," 910.6760","1022.3326","1012.1543"," 901.0708"," 613.4263"," 671.8220"," 556.8176"," 974.1043"," 927.0842"," 619.7364","1184.8934"," 994.4817"," 887.4486"," 519.4317"," 469.7467"," 896.2885","1282.7438","1108.8859"," 910.2349"," 832.5797"," 914.0078"," 854.5940"," 719.9838"," 646.7845"," 658.1483"," 930.7473","1063.6198","1348.2863"," 991.3767","1048.1480"," 976.7807"," 581.7777"
"161.0295","1103.7950"," 930.9824","1242.6073"," 828.0056","1007.9669","1416.8712","1507.7330"," 857.4337","1415.2018","1273.4575"," 942.3385"," 731.9519"," 827.7829"," 598.4040"," 888.1782","1471.9601","1023.9123"," 964.1419"," 483.5143"," 782.2744","1054.8709"," 883.7088","1057.2361"," 828.1522"," 830.9341"," 714.1552"," 968.6919","1123.9408"," 828.0564"," 442.8732"," 900.9315"," 912.1695"," 856.0032"," 739.8665","1110.7194","1535.3332","1312.0491","1118.1764"," 837.9405"," 955.9474","1218.1176","1031.1202","1060.1106","1061.5011","1515.1594","1084.0617","1207.3915","1426.7104"," 928.1096"," 722.9854","1126.0356"," 736.2536"," 928.5510"," 984.4244"," 950.3067","1532.4246","1315.9472"," 773.0177"," 870.1525"," 916.5416"," 862.9498"," 676.3530","1427.8628"," 689.4902","1284.8846","1316.4624"," 797.9340"," 681.7051"," 987.4455"," 801.1564"," 877.6281"," 728.3334","1214.1883","1021.1674","1087.9728","1255.9729"," 753.8238","1347.1860","2030.9516","1451.2917"," 908.4782"," 934.4965"," 998.6167"," 810.9680","1058.0968"," 813.0742","1155.9977","1428.6507","1161.4783","1245.3170"," 985.6688","1381.1601"," 971.5691"," 677.1295","1005.9198"," 721.6380"," 362.8041","1326.9092","1822.7486","1602.3798"," 980.1469"," 877.4481"," 805.4039","1206.9695","1124.1072"," 996.9660","1287.5593"," 762.0396","1173.5616"," 899.9783"," 543.3859"," 939.5695"," 801.4224"," 786.9978"," 808.4776","1452.6532","1378.0479"," 935.7103"," 840.5522"," 926.4408"," 907.6514"," 928.9511","1059.3835"," 902.5562","1372.7040"," 828.9725","1050.8259"," 881.3534"," 670.3752"," 671.4714"," 862.7955"," 957.3800"," 891.8953","1781.8984"
"173.98804","1269.6828","1619.2073"," 874.7867","1883.1497","1981.0890","2192.1041","1504.9392","1736.9777","1482.4469","1681.1048","2265.5434","1487.2547","1667.5008","1981.6903","2022.7558","1220.5656"," 893.9166","1755.2665","1002.1609"," 983.7767"," 502.8990","1573.4153","1915.6387","1509.5563","1195.8334","1248.6906","1223.7239","1769.8901","1792.0278","1061.9797","1862.1899","1638.8609"," 921.0357","1583.0088","1920.4606","1270.7382"," 952.0379","1807.8994","1444.5053","1390.6917"," 813.6202","1803.4705","1726.8149","1474.2639","1330.4398","1731.2529","1176.7422","1884.1681","1428.6984","1101.3315","1642.1553","1135.4791"," 507.8547","1374.2646","1333.8792"," 861.1025"," 937.2620","1411.0260","1464.1154","1213.6211","1607.5348","1152.2270","1507.2554","1234.4530"," 958.5232","1455.6224","1407.9565","1311.1573","1659.7009"," 759.1927","1634.2213","1292.9136","1588.8510","1406.9158","1343.1093"," 789.7822","1581.6124","1831.5234","1746.7093","1811.6726","1416.3743","1725.4260"," 855.9043","1606.5935","1665.3028","1439.0965","1337.9551","1833.7820","1716.5210","1357.3344","1486.5398","1127.6702","1524.0532","1214.4095","1832.7112","1426.0425"," 555.3855","1594.6061","1018.8926","1313.6853","2023.0959","1352.3307","1366.3900","1045.9335","1733.6742","1651.3146","1426.2874","1413.7525"," 812.6778","1455.3454","1000.6706","2348.5041","1567.4080","1040.3043","1404.4033","1043.5502"," 720.4625","1441.7198","1263.1671","1467.0520","1251.8222","1790.6040","1958.2580","1674.8446","1340.9430","1448.6824"," 917.1629","1789.2850","1163.6326","1376.3018","1004.4122","1625.9155","1629.1280"," 871.8577"
"133.07219","2244.3514","1108.2859"," 892.8506","1539.1493","1034.1464","1535.6482","1471.3299","1838.4871","1191.0226"," 902.9585","1994.3283","1602.0032","2077.8108","1954.9909","2174.6780","1746.9479","2112.3870","1877.9453","2006.5238","1438.7964","1608.3932","1701.0348","1197.9879","1775.1030","1160.6736","1152.3253","1689.8920"," 951.8756","1758.1118","1525.7609","1322.4472","1096.2518","1463.1704","1252.9241","1266.8164","1297.6714","1554.4174","1249.4804","1448.4184"," 628.0703","1216.0513","1136.1142","1181.6253","1222.5057"," 835.6353","1067.8729","1085.4708","1050.3576"," 986.9682","1840.2782","1532.1069","1180.1301","1612.1785","1665.9192","1332.9781","1253.2991","1430.2698","1319.7750"," 821.4240","1254.6895","1009.7446","1335.9946","1099.4959"," 956.3038","1021.2816"," 885.6972","1297.3924"," 620.1626","1100.4153","1225.6061","1026.6019","1259.0652","1030.5041","1024.8705"," 890.4800"," 718.0735","1253.8212","1072.5555"," 727.6343","1041.7455"," 840.5962"," 617.3260"," 817.9377","1169.5065"," 659.0704"," 900.3660","1369.8513"," 775.5733","1214.6662"," 955.5127"," 788.4107"," 826.7297"," 871.2307","1038.8105"," 722.7977","1446.6216"," 915.6222"," 839.3113","1310.2976"," 782.7698","1058.0857"," 888.5089"," 672.5416"," 927.1586","1012.0138"," 718.3380"," 917.7019"," 819.3763"," 972.8232","1076.2706"," 618.5811"," 907.5297"," 708.5291"," 700.1916","1109.4107"," 690.1389"," 707.6881"," 800.3750"," 731.8316"," 875.2039","1001.5541","1082.8690"," 993.9579"," 912.3311"," 838.9462"," 856.9728"," 922.5321","1036.5557"," 662.3978","1082.4544"," 998.5797"," 699.7964","1056.3033"," 944.1857"
"407.14259","2384.7466"," 915.3674","1626.6324"," 525.0166"," 655.9117","1279.4387"," 911.8713"," 670.3280","1110.6517","1436.9942"," 897.1979"," 570.9928"," 791.8022"," 742.8287"," 779.2141","1554.8562","2294.2771"," 572.4448","1071.1401"," 308.4623","1728.7875"," 965.2399"," 640.8925","1225.5497","1263.2972"," 835.4039","1081.2929","1581.4872"," 750.8979"," 577.2527"," 564.6577"," 848.5051"," 920.1572"," 419.4479"," 878.9728","1396.3341","2251.7804"," 791.3259"," 837.3289"," 790.9715","1882.6432"," 907.2360"," 548.1370"," 952.0130"," 947.3717"," 442.1600","1233.9026","1684.5435","1103.5292"," 907.8441"," 896.6920"," 854.3391"," 881.3394"," 306.7396","1044.4344","1695.6745","2246.6080"," 844.8490"," 980.4457"," 817.3143"," 834.7450","1151.2690","1093.9269"," 613.5956","1424.1455","1577.7104","1048.8794"," 558.8535"," 705.4007"," 930.3952"," 481.0434","1058.2282"," 915.2671","1193.7412"," 991.1373","1844.4643"," 527.1206"," 840.1167","1503.8533","1589.3973"," 933.2296"," 780.4852","1225.2185"," 418.1565"," 668.1766","1185.0087","1309.6006"," 921.5832","1466.9664","1187.0634"," 480.9248","1252.7166"," 810.7322"," 634.9619"," 636.6754","1060.3412"," 886.2165"," 513.5485","1582.7020","3742.7131"," 826.0961"," 970.3886"," 932.9447","1866.8063"," 388.4877"," 845.4427"," 788.8888"," 537.8831"," 748.2553"," 978.9944"," 648.3646"," 966.9222"," 765.9600","1056.1596"," 686.0951","1679.3263","1862.7400"," 768.0557"," 939.2086"," 893.6075","2074.7727","1037.9373"," 562.2242"," 823.1195"," 962.5677"," 706.9836"," 899.0903"," 607.9510"," 558.4513"," 905.6467","1084.0014"," 535.1538"," 710.8431","1504.5513"
"451.97517"," 176.5516","1244.5936"," 449.4108","1258.5875"," 954.7404"," 982.7094"," 542.4168"," 951.1495"," 678.9404"," 597.6834"," 940.0323","1181.1565"," 934.6835"," 417.3333","1062.3520"," 617.6124"," 215.3592"," 980.1058","1153.3568","1119.9053"," 461.2535","1181.4060"," 854.4516"," 986.0103"," 497.0343","1058.3388"," 543.8260"," 548.1121"," 975.3702","1251.3943"," 660.2634","1176.1786"," 787.2903"," 538.1427","1154.4720"," 555.6764"," 132.5184"," 875.1697","1383.5432","1180.0052"," 488.3665","1209.7662"," 926.4937"," 957.6074"," 383.8609","1372.3438"," 609.5169"," 461.5981"," 923.2458"," 925.7253"," 524.7393","1029.6680"," 959.4857"," 504.9936","1036.7089"," 567.6740"," 242.2369"," 809.2958"," 963.7983","1231.3119","1562.9621"," 988.0073"," 537.0588","1175.6793"," 485.9725"," 524.8152"," 956.5415","1559.9216"," 710.2528","1040.9616"," 572.4647","1177.2404"," 891.8613","1159.0821","1152.6603"," 422.7681","1170.7290"," 945.6464"," 519.5911"," 544.3129"," 590.6721","1049.1768"," 860.3807"," 238.2726","1086.9384"," 561.7644"," 923.9597"," 824.1491","1028.0860"," 527.6613","1261.1578"," 664.5553"," 590.5670","1037.6217"," 754.8475","1117.3134","1062.6867"," 343.6454"," 721.1912"," 118.3998","1103.6865","1075.1510","1042.9868"," 264.6058"," 934.1518","1036.8705"," 650.3597","1148.6591"," 648.4791","1020.9251","1019.5346"," 707.8806","1099.1212"," 910.6905","1041.5204"," 633.2215"," 848.0781"," 916.9307","1138.6478","1271.7717"," 352.8973","1038.9708","1091.2917"," 893.5432"," 522.6860","1114.2776"," 837.9478","1055.3733","1133.3338","1054.8138"," 852.0451"," 430.0419","1036.0460"," 597.1350"
"167.02071"," 776.0492","1459.4535","2010.1928","1137.3820","1019.7902","1210.1322","1172.9409"," 898.5280"," 922.5609"," 860.1864","1218.1511"," 811.7485","1308.0768","1222.5449","1073.8349"," 829.8908"," 869.1056"," 918.6039","1166.9356","1227.0308","1757.8628","1155.9869","1070.2960","1144.0237","1286.6516"," 896.0017"," 868.9555"," 834.6678","1220.5247"," 660.4123"," 610.3631","1190.7374"," 978.4366","1218.9608","1063.2758"," 804.8547"," 764.0473","1061.7814","1411.8688","1312.4439","1871.6333","1067.4627","1067.2803","1044.8874","1211.0055","1033.7124","1005.4890"," 905.0591","1172.8636"," 716.6337"," 628.3257","1270.9609","1106.3781","1345.7318","1029.9421"," 827.9931"," 806.4666"," 791.4144","1321.4803","1083.2244","1178.3924","1021.2748","1199.9644"," 875.8278"," 815.5828"," 894.7902","1065.9061"," 805.7730"," 719.4534","1100.2057","1337.7478"," 984.2459","1036.0376","1399.4966","1340.0486","1884.0083","1281.8091","1143.2594","1196.7186"," 884.7602"," 731.3037","1229.8014","1034.7213","1134.5795","1078.8105","2140.9492","1011.0527","1054.0976","1196.0585","1210.5175"," 950.0946","1034.9498"," 997.0843","1347.7528"," 783.3031","1143.7134","1186.8790","1031.5137"," 894.1669"," 781.6117","1195.0903","1491.9505","1469.2620","1764.1883","1185.7551","1196.6103","1366.5437","1094.6574"," 919.1139","1166.6319"," 730.7647"," 802.0572","1321.7262"," 921.6854","1150.5875"," 841.3995"," 767.1827"," 836.6164","1370.7215","1798.6533","1662.6702","1233.7400","1071.7747","1080.7919","1132.1434"," 986.4114"," 885.2206","1168.9158"," 870.2506","1286.9552"," 957.7326","1341.4979","1116.9233"," 989.2759"
"500.2254","1508.8930","1112.6980"," 589.6278","1128.6309"," 560.7360","1226.7481"," 616.5829","1095.2377","1322.9524"," 989.9380","1007.4660","1456.7269"," 721.5360"," 774.6748","1099.9601","1626.0156","1777.2714"," 982.5444","1105.2372"," 934.5726"," 639.4068","1040.3183"," 719.2308"," 910.1374","1105.0887","1137.5307","1443.8419"," 652.9709"," 989.3829","1182.3977"," 846.7349"," 735.0319"," 886.8332"," 703.1625"," 959.4890","1210.5227","1435.8111","1256.2027"," 732.1880"," 883.7068"," 575.7771","1375.2550","1081.4851","1517.4593"," 896.6277","1088.9827"," 962.2528"," 855.5427"," 776.6509","1805.4892","1513.4082"," 451.2490"," 507.4010"," 838.9761"," 715.2633"," 901.8263","1455.9768"," 624.9777","1211.4059"," 805.8041"," 533.2489","1096.7621","1476.3730","1101.0846","1199.7598"," 615.3883"," 989.4338","1260.0261"," 805.9400"," 346.2607"," 513.5013"," 991.4590","1150.4958","1489.2465"," 835.9622","1308.4357"," 730.2488","1391.5766","1752.3797"," 644.5646","1382.1022","1086.4009","1048.4211"," 839.6833"," 668.4362"," 450.1756"," 768.9984"," 824.6734","1090.2864"," 627.8369"," 959.3886"," 822.8429"," 539.8174"," 849.5644"," 566.7643"," 566.7541"," 947.7382"," 982.6241","1303.6915","2323.7047","1567.7743","1660.3616","1340.9119","1158.4278","1377.6664","1230.6005","1309.6091","1551.4778","1030.7422","1199.9507","1464.4611"," 891.0654"," 942.1027"," 512.6957"," 920.7280","1145.9621","1968.2851"," 975.6254"," 775.4527"," 736.8988"," 517.7000"," 842.3872"," 838.4925","1350.0374","1239.1460"," 826.1934"," 671.1866"," 522.2311","1410.5931"," 595.5715"," 668.7283"," 615.3826","1435.2337"," 517.2153"
"133.06077","1116.9288"," 743.4222"," 712.9640"," 487.8795","1003.0005"," 863.3398","1616.5114","1153.8881","1358.6591"," 817.6938"," 820.5337"," 780.0696"," 700.8175"," 856.6106"," 664.5339"," 860.8855","1211.0366"," 617.5863"," 690.7829"," 690.9321"," 780.0180"," 454.3420","1088.5071"," 635.3013","1779.5294","1179.8603","1372.1442"," 905.1160"," 818.0279"," 778.8407"," 870.9261"," 707.9895"," 870.0000"," 769.9676"," 631.4991"," 824.8250","1260.1468"," 649.5167"," 687.7184"," 713.1170"," 876.9368"," 517.8054"," 976.8387"," 680.2581","1535.1108","1039.6020","1465.0792"," 862.8928"," 781.6092","1052.0426","1109.7849"," 711.7513"," 871.5162"," 806.9325"," 671.8810"," 857.0564","1316.0736"," 606.5422"," 695.1025"," 813.9869"," 548.5964"," 681.9130","1514.6949","1224.0753","1912.5000"," 911.9111"," 990.7823"," 791.5717"," 905.4913"," 721.8694"," 772.0185"," 616.1486"," 546.0870"," 772.3636"," 685.7093"," 677.7274"," 429.2613","1052.2082","1934.6841"," 902.2580"," 832.8985"," 987.2207"," 867.1289"," 847.0943"," 452.4473"," 466.4395"," 573.7891","1261.0256"," 788.9100","1538.8415","1270.9088","1327.7013"," 538.9916"," 552.5529"," 861.9581"," 871.8278"," 741.2186","1119.7779"," 909.5796","1894.9370"," 536.6972"," 727.7246"," 725.8609"," 723.9990","1065.1597"," 559.5040","1312.6576"," 960.9584","1370.7408"," 877.0043"," 853.4931"," 872.0526"," 641.0121"," 896.8765"," 499.7058"," 816.8005","1116.7167"," 631.8789"," 686.2221"," 642.2640"," 769.2808"," 495.1108"," 959.3873"," 668.8889","1627.6119","1146.8622","1156.8744"," 762.8345","1001.8653"," 797.4729"," 984.9494"," 975.3602"," 694.6274"," 753.6391"
"553.32542"," 477.37220"," 615.26021"," 461.10017"," 345.74409"," 313.28051"," 210.60033"," 433.92371"," 748.30112"," 764.02338"," 568.27228"," 453.08672"," 428.77338"," 302.67634"," 558.02387"," 360.95069"," 629.74796"," 671.67428"," 461.04029"," 807.44084"," 688.71168"," 645.99419"," 620.51033"," 439.49735"," 658.50286"," 446.51430"," 351.11909"," 808.73293"," 603.85952"," 467.15649"," 773.91747"," 580.70834"," 799.26667"," 616.81384"," 739.51674"," 885.87874"," 632.65860"," 507.11232"," 646.60753"," 540.00445"," 651.33969"," 662.32917"," 808.14575"," 769.98216"," 525.99131"," 828.31153"," 946.54996"," 715.64513"," 680.60583"," 477.93853"," 323.02207"," 609.80825"," 595.17900"," 678.07909"," 369.66058"," 441.16011"," 604.46655"," 625.08915"," 665.93410"," 690.15789"," 569.07829"," 530.58622"," 749.95102"," 497.54102"," 367.38945","1154.91261"," 541.01369"," 703.70890"," 688.97844"," 628.73085"," 564.00027"," 423.83071"," 499.77383"," 186.61516"," 174.42752"," 162.99847"," 167.13448"," 137.66347"," 157.88229","  74.21567"," 180.63906"," 169.25959"," 132.03077"," 181.14059"," 142.49433","  69.86457"," 148.55217"," 158.20398"," 114.75338","  65.84712"," 157.55256"," 145.82656"," 148.33663"," 187.55560"," 182.19467","  67.35075","  64.62298"," 135.50253"," 173.55377"," 170.15551"," 140.34447"," 232.08270"," 196.31744"," 267.11993"," 304.74035"," 241.77864"," 337.36411"," 240.62751"," 325.30192"," 340.66811"," 285.09577"," 290.47141"," 184.82435"," 242.29006"," 198.84853"," 376.70532"," 279.77338"," 342.29639"," 569.80349"," 193.16330"," 285.72610"," 309.45459"," 317.03069"," 281.89156"," 360.34718"," 297.41843"," 479.14922"," 318.62231"," 371.99382"," 412.62497"," 319.53921"," 338.01313"," 277.09021"," 430.56864"," 344.64549"
"170.0326","1717.0996","1597.3229","1554.1195","1321.4906","1239.3468","1773.0824","1500.4814","1342.3368","1215.6291","1512.6145","2127.9005","1105.6363","1667.8589","1443.5939","2082.1909","1193.3571","2093.8802","1360.5874","1333.0626","1538.3603","1474.1206","1412.5870","1326.1902","1613.4793","1167.0008","1100.4976","1633.0571","1448.0773","1832.7738","1266.7098","1560.6780","1806.4565","1808.9665","1499.6800","1450.4379","1294.9473","1699.9195","1829.6545","1547.8323","1410.5773","1418.0920","1270.6215","1259.8220","1420.4900","1484.7364","1313.6793","1506.6332","1722.4817","1963.4191","1754.7767","1737.7389","1604.4933","1864.0951","1502.5639","2479.5265","1348.1593","1771.2412","1285.3263","1349.1403","1286.7075","1303.0069","1451.1030","1472.8810","1153.2345"," 926.9218","1475.0578","1411.6314","1510.7092","1374.1582","1474.8079","1331.5190","1539.7180","1034.0030","1133.6356","1047.0056","1021.0896","1254.2410","1145.0247"," 963.9416"," 977.6400","1075.6806","1015.8442","1101.4375","1001.1708","1119.4500","1647.8418"," 872.1345"," 724.2141"," 915.0747"," 830.4879"," 801.3370"," 992.5004","1657.9138","1987.2053","1199.4626","1128.3858","3031.0487"," 850.7909","1085.4261"," 967.5323","1038.2891","1077.0827"," 944.7133"," 732.5287","1135.6757","1086.0156"," 688.8891"," 694.6580","1088.9439","1221.7950","1009.9347","1143.9692","1240.1163","1192.4926","1237.0741","1057.6528","1252.9424"," 886.3511","1120.5325","1038.1525","1052.4688","1072.9956"," 983.6191","1012.9674"," 694.6252"," 802.9342"," 865.8274","1153.5423","1010.7500","1086.3902","1139.7385","1101.8598","1377.8392"," 981.2373"
"211.10945"," 811.4783"," 718.1141"," 688.0823"," 963.7291"," 963.7168","1069.6949","1028.8551"," 967.3727"," 870.6951"," 980.1597"," 703.1773","1217.7663"," 913.2881"," 800.3787"," 922.1072"," 927.6681"," 869.6110","1115.5551","1080.9678"," 670.0710"," 653.8793"," 834.2441"," 982.5062","1087.3141","1012.3465"," 867.3460"," 661.1764"," 896.3990"," 927.8045","1035.5463"," 983.3504"," 872.1666"," 747.6076"," 694.8681"," 964.3628"," 765.8044","1107.2985"," 951.4377"," 919.9096"," 838.7021"," 665.3075","1105.9746"," 988.5265"," 920.5866"," 907.5886"," 868.7995"," 747.5384"," 747.1525"," 916.6170"," 952.9810"," 805.7010"," 801.1433"," 859.2036"," 695.4899"," 970.1568","1124.9823","1024.2609","1169.8677","1100.1550"," 804.7735"," 870.2997","1084.0800"," 908.8315","1077.8936","1110.7186"," 889.8539"," 974.7286","1062.9594"," 766.0544","1019.6149"," 837.3105","1038.2529"," 755.7408"," 966.4020"," 843.5265"," 767.8303"," 890.9491"," 701.9782"," 598.4583"," 714.2098"," 558.6612"," 487.2089"," 641.6437"," 484.8610"," 782.6949"," 959.8040","1064.4178"," 671.5476"," 833.0023"," 835.7446"," 908.3938"," 726.1996"," 964.7727"," 667.1224"," 744.5306"," 727.0345"," 942.3574"," 774.5549"," 830.5004","1284.8833","1216.1962"," 950.1489"," 577.1980"," 792.5820","1088.9974"," 849.2325"," 962.9866"," 736.7337","1278.3847"," 428.9597"," 976.6478","1181.0411"," 896.3426","1124.2096"," 667.3436"," 933.8050"," 825.2638"," 986.4502"," 941.1968","1284.7566"," 979.4851"," 704.6408"," 768.7415"," 886.7554"," 678.4732"," 685.0664"," 946.3987"," 798.9198"," 845.0867"," 749.6230"," 796.8225"," 739.8461"," 723.9819"," 821.1244"
"203.05255","1464.0118"," 750.6336","1051.9870"," 583.2949"," 619.7573"," 941.3965"," 881.2887"," 430.6158"," 695.3114"," 828.0120"," 910.3355"," 358.4835","1010.8656"," 903.2895"," 851.5610","1590.8792","1487.8703"," 915.2706"," 623.6840"," 667.0551","1042.3594"," 609.6609"," 633.1548"," 805.3858","1042.6421"," 455.1899"," 668.0841"," 840.8210"," 947.0836"," 347.0660"," 762.6520","1075.7549","1071.9681"," 812.2893"," 804.0088","1608.4198","1344.1091"," 920.7803"," 781.4192"," 726.2244","1112.4215"," 593.7165"," 620.4393"," 728.7901"," 954.5246"," 429.0749"," 792.8295"," 841.7175"," 838.5145"," 394.3962"," 784.5756"," 991.1847","1100.2688"," 848.3833"," 823.3403","1707.1722","1477.3598","1052.5719"," 745.7426"," 733.9217"," 601.9417"," 809.0474"," 942.3423"," 437.2929"," 751.8663"," 793.5330"," 860.4991"," 368.5494"," 773.0898","1078.7499"," 845.4855"," 825.7532"," 892.2171"," 809.0682"," 725.3745","1039.6899"," 595.0864"," 698.7951","1113.4294"," 849.5901"," 746.9367","1099.7558","1144.5213"," 858.7978"," 899.5662","1096.9510"," 663.1698"," 680.9381"," 921.7203"," 942.9309"," 501.4472"," 733.3842"," 766.5857"," 780.5117"," 761.0333","1224.6817"," 910.6822"," 948.5263","2071.1069","1685.1084"," 809.1071"," 789.8731"," 861.1817","1183.2681"," 656.8443"," 746.5262","1053.8986"," 496.7162"," 778.9286","1003.5054"," 385.3743"," 803.6196","1092.4687","1194.4519"," 857.5708","1860.1940","1510.9085"," 834.0467"," 806.5674"," 981.3700","1189.0885"," 614.4851"," 614.8159"," 808.2666","1089.4690"," 462.7711"," 682.8430"," 941.7936"," 391.3679","1134.8973","1158.7027"," 963.2110"," 889.7525","1756.2289"
"170.06172"," 737.7052","1152.7576","1330.0991"," 894.0147"," 743.3458","1080.7158"," 948.4099"," 732.4697"," 735.9723"," 560.5092","1029.1335"," 767.0955","1083.7209","1223.1916"," 809.4749"," 817.3920"," 772.0364"," 971.6014"," 978.5391","1234.7382","1345.6577"," 885.9676"," 909.6471"," 898.3902"," 993.0649"," 812.4701"," 742.8261"," 607.5461","1029.8626"," 743.6727"," 746.0271","1380.5497"," 952.0053","1150.4985"," 955.7641"," 956.3889"," 743.9857","1026.7978","1163.2250","1510.3592","1545.0797"," 920.1646"," 913.6616"," 830.4779","1067.2626"," 911.4504"," 850.1062"," 627.5157","1060.0850"," 717.3814"," 567.7708","1150.5956"," 807.8004","1211.0278"," 994.9736"," 846.1832"," 825.2506","1018.6175","1109.2930","1415.9757"," 997.9972"," 834.3524"," 892.2917"," 805.4546"," 723.5982"," 616.2491"," 973.4183"," 887.2293"," 607.8482"," 780.0716","1098.7436"," 847.4847"," 945.3514","1189.3029","1472.1405","1609.5877"," 958.4351"," 969.7831","1050.5763"," 498.2645"," 687.9851","1134.1417"," 815.7407","1063.3781"," 832.9202","1498.8820"," 835.3070"," 722.3304"," 920.3236"," 992.8032"," 721.3315"," 702.1364"," 754.0173","1055.1547"," 685.3417","1300.3029","1152.8462","1215.5881","1197.2515"," 793.6653"," 900.9320","1188.8506","1100.0084","1221.1304"," 861.1924"," 777.4813","1186.5804"," 969.4598"," 777.4185"," 858.4957"," 876.9297"," 755.8198","1122.6350"," 783.5424"," 866.2583"," 842.7336"," 881.7879"," 787.8194","1057.3216","1419.9501","1384.8983"," 915.9224","1056.6011"," 957.6999","1000.2572"," 838.6810"," 743.2757","1040.8011"," 755.5023","1304.2351"," 837.6243","1113.6279"," 858.5580"," 850.2799"
"324.24879","2436.738","2396.086","1952.449","2852.458","2269.745","1994.387","2211.049","2530.249","2571.365","2683.351","2442.453","2762.708","2476.327","2039.024","2765.641","2497.677","2211.579","2423.899","2774.459","2855.746","2478.119","2737.990","2224.058","2364.229","2308.188","2791.275","2841.260","2534.011","2537.755","2729.499","2392.317","1877.905","2335.517","2551.598","3426.200","2589.482","2398.348","2483.353","2399.642","2398.172","2054.045","2941.927","2256.633","2891.560","2289.587","2598.506","2083.018","2290.628","2585.245","2393.759","2012.455","1974.281","2048.829","2321.324","2624.106","2252.742","2125.563","2486.645","2596.067","2402.269","2817.015","2177.144","2132.188","2532.637","3954.165","2467.759","2460.106","2387.586","2472.424","2840.961","2290.853","3351.485","2667.802","2443.992","2753.591","2475.736","2317.674","1966.203","1601.577","2447.851","1834.703","1658.136","2014.222","2161.997","1804.630","1766.996","1944.555","1971.039","1625.633","2107.335","1755.256","1897.863","1907.441","2315.982","2264.897","1918.188","2158.676","2377.139","1666.959","1678.198","1528.165","2110.303","1898.353","1967.707","1562.067","2249.555","1960.146","2651.503","2013.310","1740.046","1856.999","1835.523","1581.062","1820.363","2309.894","1734.862","1808.239","2224.659","1785.067","1521.517","1878.279","2193.470","1867.591","2118.750","1932.683","2242.634","2258.234","2062.530","2201.990","1705.215","2004.803","1943.462","2190.389","1906.430"
"245.13234","1274.4695"," 986.2966","1228.4597","1300.5680"," 992.3493","1924.6599","1133.7231","1520.8910","1154.0336","1402.5134","1541.1687","1185.0006","1236.3497","1718.3716","1803.8588","1268.9884","2810.0426","1251.9575","1436.0340","1420.5745","1074.9419","1301.5514","1310.9402","1740.7784","1646.5126","1031.2355","1232.6550","1373.1924","1949.8054","1824.4869","1603.8303","1116.3685","1110.2233","1161.1768","1039.3393","1488.4746","1822.6172","1545.4140","1149.1604"," 927.5553","1194.4746","1180.0733","1002.9488","1242.7296","1042.5333"," 916.7057","1375.8226","1339.5644","1610.0346","2437.0603","1587.9689","1854.9595","1809.7825","1182.9482","1972.8189","1432.3616","1917.8527","1176.4906","1071.8688"," 788.1472","1102.1173","2012.9990","1290.2828","1091.2752"," 865.8571"," 897.7510","1130.6995","1553.8690"," 977.6923","1348.0325"," 974.7209","2168.5951"," 808.4706","1145.2666"," 549.6697"," 781.0176","1051.2077","1611.9409","2028.3601"," 940.4849","1140.1642","1141.1182","1031.2699"," 977.3548"," 954.7722","1109.1195"," 945.7722"," 438.4279","1205.3375"," 789.1642"," 856.9085"," 802.8152"," 717.0830"," 885.6226"," 921.8667","1302.7804","1105.4190"," 760.6700","1399.1260","1031.4417"," 774.4372"," 607.3467"," 788.2901"," 688.9029"," 428.2991"," 721.2411"," 499.5543"," 837.1994"," 406.4334"," 955.7463"," 874.3281","1195.9200"," 801.5479","1101.0377"," 792.3048","1286.0528","1428.6128"," 739.5844"," 819.5904","1081.4610"," 755.6047","1037.9285"," 946.7129"," 973.1149"," 641.6655","1014.5038"," 846.7729"," 816.6443","1203.4157","1115.2234"," 765.1987","1317.8363","1639.7929","1352.6237"
"102.09132","1575.7013","1153.8904","1149.9549","1281.3574","1349.3804","1784.5902","1041.6593","1277.9569"," 825.3639","1045.0296","1162.1961","1024.7841","1406.8020","1549.7959","1242.8559","1110.8785","2079.5338","1668.7727","1295.8618","1545.9864"," 972.4488","1341.9983","1409.1304","1489.3551"," 950.5939","1019.6214","1084.9044","1392.5533","1358.7515","1099.7203","1559.1881","1604.7354","1104.1052","1326.1370"," 998.6699","1025.4324","1837.6635","1350.3079","1164.0086","1373.6357","1068.9537","1352.2151","1170.7080","1302.9473","1063.9755","1004.0118"," 918.9511","1295.7058","1258.5977","1169.4644","1496.2642","1316.0522","1084.5897","1250.8251","1212.6589","1057.5426","1707.0812","1384.1999","1195.0730","1555.1466","1217.6964","1170.2927","1057.8530","1216.6433","3228.2464","1068.4704","1228.7122"," 936.0532","1285.9735"," 860.7141","1207.2979","1069.4377","1045.6066","1206.3898","1249.4963"," 841.6209","1096.1792","1322.2834"," 994.4447","1087.5383","1061.6978","1211.8397"," 956.0163","1408.6935"," 991.7578"," 765.4887","1526.1535","1064.7686","1110.4351"," 820.5211","1023.0484"," 701.7348"," 774.1868"," 794.7332","1010.9383","1024.6835"," 847.7732","1188.3943"," 654.7700","1550.5517","1688.9427","1368.7263","1674.1570"," 818.8684","1644.5287","1255.8379"," 749.8679","1159.1557"," 576.2110","1053.3546","1117.4417","1598.2658","1506.2433"," 927.5477","1055.8625","1036.9094","1348.8456","1202.3319","1449.7111","1733.7504"," 896.8468","1316.9348","1239.2885","1192.9583"," 761.6379","1047.6633"," 629.9126"," 979.8641","1174.0684","1336.2231"," 948.7982","1269.2480","1148.9876","1026.3916"
"263.13186","1563.1638"," 671.8352"," 530.6116"," 998.5460","1109.6163","1209.2619"," 764.0282","1139.8395"," 548.8254","1243.6761","1024.5332"," 786.3429"," 982.0431"," 893.0174","1423.2992","1030.2238","1796.6796","1180.8995","1025.8339","1456.8736"," 611.9136"," 953.9852","1218.6315","1077.6931","1097.5993","1266.4186"," 637.3247","1130.2619"," 916.2133","1089.2044","1380.7202","1072.8896","2101.8270"," 837.0457"," 976.3117"," 958.1255","1465.0045","1182.8674"," 799.8984","1217.3156"," 573.6768"," 965.5194","1008.8008","1036.8996"," 811.9051"," 963.4059"," 579.9119","1183.7519"," 980.0315","1315.7081","1395.5742"," 846.7412","1900.4654"," 792.4587","1609.4551"," 928.6794","1542.7392","1251.8420"," 772.0956","1356.6194"," 939.6869","1039.2903"," 933.2547","1193.6751"," 563.7083","1034.4195"," 892.9697"," 953.4745","1148.3560","1714.8393"," 716.6147","1409.3550","1146.1302"," 889.0002","1346.0336"," 471.3899"," 936.1397","1181.8493"," 807.4720","1010.2261","1130.9503"," 914.7365","1839.3844"," 810.3293","1124.5754"," 629.1655"," 936.4455"," 787.7063"," 806.3655"," 648.9442","1122.8587"," 551.5291","1115.8229"," 986.2282","1137.6870","1213.6210","2059.8117"," 733.8295","1019.8805","1674.4127","1160.4708"," 821.5184","1475.7464"," 634.2829","1005.4814"," 824.7761"," 647.5049","1153.0094"," 596.4697"," 961.9427","1036.2408","1169.8280"," 931.2533","2084.3458","1222.9383","1074.8891","1602.7248","1171.1809"," 803.6774","1433.9480"," 596.3879"," 994.7571","1068.6889"," 924.1151"," 826.5998"," 955.7450"," 519.5681"," 990.6498"," 943.4227"," 970.2481","1904.9130"," 704.2759","1330.3343"," 901.8927"
"228.99584"," 834.4503"," 693.2399"," 750.6873"," 565.5032","1052.1915"," 753.8524"," 858.4140"," 991.6100"," 884.5667"," 848.4078"," 923.5033"," 665.8736"," 811.2899","1135.6426"," 714.2528"," 972.0960","1046.2162"," 934.1187"," 632.8105"," 847.3970"," 964.8257"," 758.1300","1067.1972"," 840.0600"," 933.4427"," 811.0974"," 916.5630","1005.1191","1031.6730"," 965.5042","1110.1240"," 812.6220"," 739.4193"," 761.9722"," 318.4025"," 918.3505"," 854.0002"," 783.3623"," 787.7749"," 905.4192"," 944.7900"," 639.5885"," 972.0245"," 525.4578"," 894.8693"," 718.1254","1163.8835","1046.9604"," 851.6136"," 887.5364","1095.4315"," 883.6385"," 730.9881"," 801.8101"," 878.1993"," 988.1017"," 878.9663"," 893.6434"," 451.2164"," 919.4301"," 634.5740"," 902.2119","1044.7955"," 842.3508"," 392.6761"," 757.2704"," 691.5971"," 758.8534"," 931.3704"," 705.1371"," 877.9910"," 608.6062"," 630.4863"," 691.6348"," 907.9492"," 628.4244"," 654.0388","1059.1644","1349.8043"," 923.8888"," 831.4983"," 866.2780"," 614.0631"," 848.6928"," 768.5327"," 731.4364"," 643.2370"," 823.3537"," 789.2055"," 889.9086"," 908.5243"," 775.5203"," 777.8197"," 569.7722"," 824.7738"," 785.2511"," 230.2333"," 656.9869"," 861.2807","1524.5376"," 821.2492"," 802.7353"," 911.2558"," 938.4926","1092.1611"," 635.7343"," 762.4844"," 668.7130"," 859.6160"," 802.6109"," 740.2542"," 934.8126"," 832.4632"," 660.5185"," 726.4010"," 887.4072"," 828.3614"," 609.3903"," 704.8418"," 909.7457"," 967.2123"," 723.1789"," 928.0702"," 570.8226"," 835.8310"," 493.1708"," 785.9047"," 847.4103"," 837.1057"," 971.6929"," 803.5881"," 902.0174"," 825.6550"," 879.6182"
"470.9348"," 974.1982","1252.4343","1855.0575"," 757.4511","1551.9670"," 643.9212","1280.0264"," 426.8746","1078.5622"," 982.6797"," 950.3116"," 462.8129","1082.0909","1626.4776"," 627.1483"," 834.2322"," 864.8558"," 620.9754","1061.0511","2616.8313","1721.5855"," 841.7365","1380.9555"," 886.1702","1114.0637"," 492.6645"," 904.6963","1041.4359","1163.2662"," 473.6584"," 922.0470","1222.8186"," 502.9753","1952.2191"," 739.7631"," 736.8779"," 998.0218"," 709.0829","1203.9429","2290.7974","1555.4103"," 757.5387","1453.0388"," 688.9835","1105.7036"," 783.8896","1201.4826"," 967.0386","1148.5950"," 237.0084"," 828.3474","1469.9317"," 925.8296","1872.2076"," 738.7760"," 745.1743","1179.5450"," 597.4364"," 896.4107","2295.6821","1001.5346"," 871.8318","1059.3448"," 549.4067"," 615.3064","1013.8318","1130.2158"," 550.8919"," 923.9678"," 643.9880","2238.8481"," 680.0973"," 794.0492"," 936.7903","2232.4892","2328.2728"," 892.7797","1791.6486","1150.3671","1344.8668","1241.7415","1200.7165"," 624.9746","1579.7818"," 864.7102","1830.4088"," 592.1208","1532.5516"," 666.7116","1358.8089"," 491.3258","1296.4580","1463.7002","1595.3104","1514.1041","1125.3734","1058.0671","1672.0619"," 937.5273"," 701.1421"," 925.1874","1109.6352","1905.3631","1315.4254","1719.7260"," 980.9555","1937.3642"," 554.6219","1068.0855","1241.3880"," 497.7410","1099.6977","1309.9766"," 701.4464"," 741.2020"," 587.7747"," 990.6385"," 780.3080","1074.9420","2067.2060","1357.4581"," 785.0651","1921.1560"," 615.0137","1197.0248"," 629.8094","1315.5090","1107.1745"," 361.0833"," 944.3473"," 539.2474","1629.4100"," 604.9206"," 653.7128"
"242.07889"," 778.7963","1027.6817"," 603.9526","1002.4876","1174.4592"," 752.0520"," 625.1533"," 777.4887"," 852.9275"," 724.6963"," 550.5323"," 909.2138"," 695.6659"," 613.1336"," 558.4155"," 536.9703"," 833.8502"," 884.9185"," 808.6750"," 790.2314"," 675.2638","1139.4397","1016.1299"," 918.6839"," 644.1809"," 759.7002"," 796.6197"," 800.5070"," 574.3883"," 914.9342","1059.9284"," 734.0626"," 473.3695"," 763.2876"," 479.4325"," 591.6995"," 750.5627"," 933.2609","1031.6070"," 785.6757"," 644.0634","1019.4321","1164.0940"," 801.4205"," 628.5734"," 967.4992","1062.8357"," 726.8584"," 673.4720"," 745.5155"," 934.8171"," 777.7311"," 573.7505"," 590.0579"," 445.8357"," 570.7308"," 760.0677"," 921.6777"," 852.1278"," 637.0388","1120.6786"," 969.9861"," 612.4757"," 738.8874"," 689.8876"," 796.6655"," 566.9519","1115.8990","1239.0771"," 634.9320"," 807.0693"," 613.9537"," 799.0591"," 958.8588"," 816.9970"," 771.0065","1358.2155","1216.8713"," 643.5306"," 908.2787","1356.5349"," 790.5431"," 499.0897"," 668.1637","1292.5250","1102.4411","1254.9191","1233.0479","1030.6235"," 807.6195"," 946.2637","1143.8892","1435.6694","1006.5613","1433.0363"," 798.9958","1243.5621"," 610.5345"," 758.8246"," 565.7836","1204.6688"," 965.9377"," 782.5435"," 726.7453","1491.2941"," 974.9419"," 687.1773"," 908.8525","1181.1493"," 626.2842"," 981.2115","1260.2858"," 801.2151"," 476.3343"," 534.6782"," 615.9580"," 659.8238"," 800.1707"," 927.8150"," 801.0397"," 584.8017","1041.3509","1195.2466"," 891.2718"," 715.7964"," 683.3212"," 971.7241"," 606.1594","1005.4362"," 722.0724"," 500.6649"," 677.0034"," 528.7101"," 571.9390"
"370.19102","1447.4032"," 758.0532","1346.8419","3591.7067","3289.1548","3487.9585","3274.8525","1673.6290","2352.7423","3037.8478","1378.0978","3196.5658","2472.8869","4733.4607","3396.8119","2907.7819","2413.3795","3988.8820","2469.8391"," 669.8409"," 863.1914","1388.8140","2901.4636","2960.9885","7287.9280","4438.0439","5727.2840","6135.6136","5230.5976","5354.0450","3929.9637"," 848.1215","1697.2774","1591.7695","3511.8286","4781.6308","2377.9978"," 863.9994","1431.1309","1960.3426","1984.3874","1728.8694","1603.7024","3268.9051","1712.9547"," 785.4982","2820.2002","2572.9341"," 751.8537","2532.1031","1530.6623","2315.8816","2440.9048","5918.2529","3403.4264","5040.5622","1550.4825","2999.0491","2177.8331","5860.7480","4438.0720","3248.8004","3077.3442","6926.0077","7283.3879","4883.4152","1371.1582","2892.2004","2582.3156","2773.0060","4661.8993","3383.6853","2714.3015","1044.1841","4152.6747"," 704.4426","4743.7311","2078.5450","1759.1615","1330.7048"," 446.3683","1047.1940"," 915.9988","4377.7866","1817.3190","2230.0565","2213.1921","1963.5121","2487.4391","2595.3037","2646.7749","3003.5202","2903.9180","2566.7417","1878.5917","3234.7745","2764.0781","2743.5064","2301.5332","2380.7599"," 909.1774","2477.1842","1758.5281","1646.7049","1048.4429","1720.5033","2318.9377","2490.7082","1055.6364","3164.0281","2109.6174","1399.7891","1911.5729","2413.1394","3703.7444","3491.1315","3117.0056","2841.0502","1763.9742","3367.6898","4875.2470","3236.3559","1832.9745","2794.0373","2091.1273","5360.2574","2885.5716","2064.2932","3498.5317","3090.8463","2374.7431","3202.9859","3167.4606","4109.3232"
"336.94224","1409.0695","1605.6234","1363.8557","1782.8515"," 422.1702","1916.9304"," 553.2514","1002.4321","1219.1393","1164.9460","1265.9072","1048.1849","1270.7698"," 373.5404","1740.8003"," 897.7581","1516.1153","1422.4383","1495.5100","1021.1953","1303.0088","1538.1177"," 385.8983","1768.9379"," 589.8548"," 985.1918","1023.5955","1345.5387","1540.6494"," 906.6836"," 897.1861","1331.4756","1479.1629"," 562.8762","1951.1468"," 888.2946","1495.0230","1509.3795","1775.1913"," 343.8793","1288.4551","1532.6007"," 401.3379","1579.0523"," 598.2707","1130.7025","1219.7119","1208.1938","1352.7456"," 868.1429"," 615.3687","1278.7841","1520.3840"," 377.7674","1656.2541"," 946.4309","1482.7638","1433.3720","1401.0419"," 307.0729","1839.0687","1834.3307"," 720.7891","1126.3446","1121.2725","1398.0356","1424.7783"," 950.2340"," 678.3495","1554.2623"," 631.5071","1417.7233","1367.1822","1568.8539"," 269.4737","1173.7883","1365.2358"," 537.6120"," 571.6479","1273.9339"," 781.8249","1301.3572","1500.7133"," 676.5976","1739.3517","1140.5030","1663.0509"," 500.0494","1642.6597"," 650.3378","1122.1311","1237.9607","1183.1684","1392.6410"," 762.6437","1224.6650","1242.1666"," 506.0312"," 988.4876","1329.7827","1586.3026","1612.2998"," 906.5685","1128.5060"," 567.6441","1741.5933"," 772.9148","1190.0815","1208.1378","1688.6102","1042.1016"," 910.1817","1311.8091","1407.5524","1768.4747"," 967.2048","1751.1266","1595.5121","1584.7707"," 371.5383","1252.3920","1802.5406"," 497.3568","1721.5504"," 652.4727","1198.3297","1321.3391","1569.6205"," 752.2429","1178.7010","1374.1902"," 487.3200","1411.0443","1165.5734"
"174.9828"," 857.2654","1599.3182"," 720.3759","1557.2494","1687.5335","1772.2578","1437.8294","1504.1402","1088.7596","1637.8731","1589.2249","1240.7824","1466.4523","1451.0234","1473.7160","1053.7780","1003.7420","1785.4635","1156.6135","1077.6513"," 561.7625","1426.6285","1703.2868","1414.8382","1397.6268","1140.9990","1068.1415","1799.8651","1527.9921","1057.8853","1976.5086","1533.4154","1025.2113","1428.8594","2048.9561","1336.5370","1065.9087","2051.8329","1715.6998","1806.1103"," 910.1489","1745.7680","1988.8155","1613.6858","1690.6759","1515.5109","1499.4677","2005.2108","1724.2331","1460.8116","1969.7883","1664.9244","1187.2746","1951.3072","1994.5169","1209.7266","1242.4960","1728.6496","1545.9250","1291.7377","1554.0610","1724.6047","1656.0713","1490.5295","1255.3112","1814.1430","1715.2194","1183.6271","1901.7312","1098.3785","1572.1246","1693.1589","1958.8043","1514.0293","1507.1285"," 785.5242","1337.5616","1585.1610","1453.8629","1588.1281","1613.2568","1653.8258"," 731.9746","1601.6627","1465.5910"," 321.5383","1272.2238","1859.1775","1616.8576","1526.4551","1753.9842","1091.2325","1641.1260","1394.2683","1854.6441","1575.3577"," 472.9580","2160.4754","1097.5543","1362.4086","2021.8967","1400.3152","1286.3116"," 815.4179","2061.2410","1636.4240","1414.0410","1523.8166","1204.5750","1629.0793","1177.0634","1754.8222","1240.5727"," 624.4703","1513.0588"," 881.5896"," 780.6639","1259.4554","1205.4463","1295.3602"," 609.2287","1525.3100","1653.4128","1530.1232","1292.9320","1341.3014","1182.1349","1357.8853","1187.1713","1227.1271","1016.9115","1692.9457","1549.2846"," 829.9220"
"136.0474","1204.1340","1020.9222","1093.2575"," 814.7568"," 837.0742","1103.7424","1160.5968","1029.0120"," 964.2469"," 889.2704","1274.6324","1012.4787","1203.0665","1137.1666","1489.3596","1118.1409","1521.6959","1011.5406"," 928.0058","1148.9079","1030.8823"," 855.8627"," 908.3408","1036.0854"," 910.5649"," 931.9918","1282.3018"," 888.7529","1305.2725","1393.6115","1164.5030","1291.2065","1333.2201","1210.1576","1090.1585","1232.5386","1406.2122","1179.8387"," 945.7522","1098.9400","1050.9379"," 741.6171"," 811.0729"," 841.7744","1077.1880","1011.4418","1205.5324"," 986.7371","1271.4985","1606.5211","1179.3301","1241.9808","1405.6556","1214.8274","1700.5530","1195.4985","1374.1641","1304.8286"," 889.2354","1034.7477"," 768.6351","1040.5570","1051.0422"," 887.2202"," 783.6166"," 875.8102","1151.7642","1424.8905"," 966.6246","1267.0079","1253.7043","1359.0061"," 791.4997"," 825.1617"," 911.3189"," 808.8712"," 931.7782"," 935.9939"," 888.6427"," 616.8137"," 791.7058"," 885.1073"," 931.1060"," 915.9368"," 915.6922","1299.6900"," 626.4436"," 553.3997"," 672.8637"," 674.0871"," 706.5661"," 729.0400","1021.9148","1448.6052"," 886.0466","1091.1670","2577.8372"," 793.4573","1151.4590"," 792.5369"," 784.8091"," 814.5515"," 804.0303"," 537.6733"," 907.4530"," 796.1614"," 688.5209"," 690.1090"," 908.7545"," 994.3986","1090.0957"," 932.6022","1075.4317","1006.7124"," 999.2257","1054.6396"," 927.2953"," 717.9363"," 751.0584"," 788.1467"," 744.6313"," 754.4219"," 817.6585"," 786.1203"," 683.2726"," 725.4060"," 744.6466"," 827.8384","1144.2923"," 923.3300"," 958.4598"," 985.9135","1197.5269","1070.5238"
"144.10058"," 867.6817"," 830.8476","1165.9222"," 855.2964"," 915.2902","1168.8761","1036.4505","1047.8302"," 939.1923","1055.5633"," 855.9463"," 911.6038"," 864.1721","1213.5195"," 703.9215","1116.1313","1179.9029","1151.4015"," 949.5634"," 923.2980","1228.6520"," 923.9268"," 972.2023","1038.7270","1205.0597"," 915.8147","1094.6198","1140.2518"," 818.3769","1199.6731","1198.6888","1001.3367","1089.7268","1148.2753"," 707.1109","1293.1159","1075.6314","1123.3444"," 941.9495"," 931.7000","1524.6897"," 948.9807"," 836.7448","1018.1518","1231.2029"," 783.8692","1103.2534","1390.8979"," 915.4381","1416.2062","1454.1915"," 920.2242","1210.5923","1173.5307","1031.0006","1256.2782","1023.0636","1109.9007"," 766.2029","1002.6670"," 831.5234","1059.5807","1111.2089"," 775.6000","1058.5005","1112.7281","1339.9790","1105.2828","1343.2660"," 931.9726","1284.5174"," 766.0326"," 976.6174"," 822.5776"," 848.8439","1015.9017"," 966.5067","1111.0110","1282.3899","1244.8929","1212.3667","1247.9735","1165.2837","1124.6064","1172.4345","1170.9793","1019.3195"," 947.3043"," 945.6617"," 920.3035","1059.4208"," 927.6830"," 884.7347"," 933.8237","1218.8126"," 981.9873","1220.8958","1103.0021","1230.9949"," 923.0386","1270.6298","1002.6446"," 791.3816","1054.3445"," 880.0545","1253.5970"," 878.3174","1114.6948"," 752.4639","1054.3371","1312.1097","1041.1145"," 962.6946","1246.3021"," 940.4096","1052.3130"," 861.3023","1171.6787","1047.6593","1008.1250","1027.0747","1045.9234"," 749.0793","1160.8817"," 811.9623"," 913.8617"," 806.5049","1005.3318","1328.9901","1044.0251","1452.7583","1097.6743","1315.6641","1080.8450"
